campus_label,asset_tag,serial_number,make,model,building,location_in_building,ip_address,mac_address,comments
AL0001,KY4652,CNCJ38063,Toshiba,e-Studio 3515AC,Alumni,Lower Level,10.40.101.243,00:80:91:ce:55:3f,
AL0101,KY4571,CZDJ49130,Toshiba,e-Studio 3518A,Alumni,"Main Hall, middle area",10.40.101.250,00:80:91:ce:98:65,2024-08-01 _ call in for jamming
Alumni-102-LX-BW,A08965,,Unknown,Unknown,Alumni,RM102,,00:21:b7:ae:cf:bf,091024 GN Not on Network
Alumni-RM201-LX-Color,KY3605,752742946PW63,Lexmark,XC2132,Alumni,RM201,,00:21:b7:6b:77:68,
CgwLx1,A08973,4.06327E+12,Lexmark,M5170,Alumni,Woodson Center,10.40.101.254,00:21:b7:3a:0d:c1,
CiLxC1,A3618,,Unknown,Unknown,Alumni,CAB (Basement) (Campus life?),10.40.101.247,00:04:00:8e:22:b4,090324 GN no on network
ZA1,A12858,502870901111D,Lexmark,C4150,Alumni,RM100,,00:21:b7:13:bd:d6,"072325 - EJ - Waste Toner Kit recieved and scanned out as a package | Part# Lexmark 74C0W00 - waste toner kit | 2024-07-31 | • Added Alyssia, Faith and Regan BC-print-01"
Alumni_DiningAdmin_XeroxMFP,CC980,YEQ129604,Xerox,B415,Alumni,Basement Dining Admin Office Suite,,e8:4d:ec:08:f5:41,"051225 Black Toner Ordered by EJ under Connie Name | 051225 - Scan to Email stopped working | 2024-08-08 | Integrity One | Xerox MidWest | 800.284.9677 | integrityonetechnologies.com/clientportal | 070925 - Service Call, Doc handler not feeding sheets, entered through portal at: | https://www.xeroxbusinesssolutions.com/en-us/kentucky"
BccLxT1,KY4630,460084910K406,Lexmark,M3250,Alumni,"RM204
Black Culture Center",,00:21:b7:4f:63:87,2024-08-29 _ | GN added power cable and ethernet; requested network jack activation
ArtDeM1,A12835,,Unknown,Unknown,Art,Room 209,10.40.121.252,00:00:00:00:00:00,090324 GN not on network
ArtLxOt1,A08932,451443HH16VDZ,Lexmark,M3150,"Rogers-Traylor Art Building, 181-191 Campus Dr",Room 102,10.40.124.228,00:21:b7:c1:04:cb,"052825 - Larky called, paper mismatch is blocking jobs from output"
ArtLxT2,A08955,451443HH16V7L,Lexmark,M3150,"Rogers-Traylor Art Building, 181-191 Campus Dr",Room 404,10.40.121.251,00:21:b7:81:2e:27,
ScoLxT1,A03056,,Unknown,Unknown,Bookstore,Floor 1 Office,10.40.81.251,00:21:b7:cd:61:cf,090324 GN not on network
BT0101,KY4661,CNCJ38090,Unknown,e-Studio 3515AC,Boone TavernX,Front Desk,10.40.103.241,00:00:00:00:00:00,
FM_HeatPLant_LX,KY4639,46004910K4G7,Lexmark,M3250,Central Heat Plant,Main Office Heat Plant,10.40.111.248,00:21:b7:4f:a3:4e,2024-07-31 _ EJ _ Added to BC-Print-01 | MAC: 0021B74FA34E | Renamed Printer when setup on BC-Print-01
CdlLx3,UNKNOWN-ASSET,,Unknown,Unknown,Child Development Lab,Child Development Lab,10.40.106.251,00:21:b7:34:ab:8a,090324 GN not on network
CfsLxOt2,KY4642,700896304XKZ,Unknown,XM3250,Child Development Lab,CDL,10.40.106.252,00:00:00:00:00:00,
CJ0101,KY4656,CNCJ38171,Toshiba,e-Studio 3515AC,Child Development Lab,Child Development Lab,10.40.106.254,00:80:91:ce:6e:d9,
CMIT_FL3,KY4520,CNBJ34822,Toshiba,e-Studio 3515AC,CMIT,3rd floor,,00:80:91:ce:63:ba,2024-08-01 | •  Chloie Blankenship is POC | • Moved from Stephenson Printing to CMIT | 2024-08-09 _ Discussed putting on WiFi w/ JWard
CMIT-RM0319-XeroxC415,CD283,YCQ122214,Xerox,C415,CMIT,RM0319,,e8:4d:ec:04:ff:fb,2024-11-06 Installed as a Demo | 2024-12-18 | Moved to CMIT | Chloie B is key op | Ordered TR3 upgrade
IssLxOt5,A08957,72HMMKW-87-0,Lexmark,M3150,"CMIT, 160 Bell Hooks Way",RM126,10.40.133.252,00:21:b7:c1:78:89,072425 | Neither IP works; papercut reports: | Type/Model | Lexmark E460dn 72HMMKW LR.LBH.P510 | Serial number | 72HMMKW-87-0 | Physical identifier | net://10.40.108.253 | - EJ orders imaging unit and toner - S Tipton reports fixing paper jam broke the toner / imaging units | 022425 GN Moved into CMIT 126
CS0301,ky4573,CZDJ49145,Toshiba,e-Studio 3518A,College Square,Strategic Initiatives,10.40.54.252,00:80:91:ce:99:46,
ST0001,KY4654,CNCJ40182,Unknown,e-Studio 3515AC,Danforth Industrial Arts,Lobby,,00:00:00:00:00:00,
TiaLxT1,A08911,451443HH16V67,Unknown,M3150,"Danforth Industrial Arts, 231 Main St N",Office,10.40.132.252,00:21:b7:c1:f8:7c,
BeLxT1,A08919,,Unknown,Unknown,Draper,Floor 1 Room 119,10.40.108.245,00:21:b7:21:e4:0c,090324 GN not on network
BeLxT3,A08920,451444HH1B5WY,Lexmark,M3150,"Draper, 121 Chestnut St",Floor 1 Room 118,,00:21:b7:59:1b:d8,KY
CmLxOt1,A8923,451444HH1B5WR,Lexmark,M1145,Draper,Floor 1 Room 107,10.40.108.248,00:21:b7:21:e4:a2,2024-08-05 _ LeSette set up | Need to confirm the Toshiba Number on this device
DbLxT2,A08913,451443HH16VM6,Lexmark,M3150,"Draper, 121 Chestnut St",Floor 2 Room 211,10.40.108.244,00:21:b7:c1:f8:5c,
DboDeM1,A08922,451444HH1B5WX,Lexmark,M3150,"Draper, 121 Chestnut St",Floor 2 Room 212,10.40.108.254,00:21:b7:21:e4:1c,
DR0101,KY4574,CZDJ49234,Toshiba,e-Studio 3518A,Draper,Draper 1 st Floor Hall,10.40.108.250,00:80:91:ce:98:e6,
DR0102,KY4576,CZDJ49246,Toshiba,e-Studio 3518A,Draper,Women Studies _ Bell Hooks Center,10.40.108.232,00:80:91:ce:98:76,
DR0201,KY4653,CNCJ40230,Toshiba,e-Studio 3515AC,Draper,Floor 2 Room 211,10.40.108.242,00:80:91:ce:68:b7,
DR0202,KY4658,CNCJ38195,Toshiba,e-Studio 3515AC,Draper,Draper 2nd Floor Lounge,10.40.108.251,00:80:91:ce:70:04,
DR0301,KY4575,CZDJ49244,Toshiba,e-Studio 3518A,Draper,Draper 3rd Floor Lounge,10.40.108.252,00:80:91:ce:98:c7,"01-08-24 - put in new replacement hard-drive and pulled down a new clone. | From Fred / Toshiba Service: | 110,000 at this time. Not needed a drum or fuser replacement. | Troublesome around 1MM | 35 PPM two things, one - volume, age, out of these 800K to 1MM get problematic and need more service calls; alternately mid vol boxes can run 10 to 13 years due to age. Age related issues. | 100K to 200K if age is an issue | - can get another five years | for the 3518, 3515; same level of reliability, 100K is just getting started... | 100's of thousands of prints still doing fine | 7 years is NOT too long for this; 12 to 15 years is the max."
Draper-300A-LX-Color,KY4644,50288440F39X1,Lexmark,C4150,"Draper, 121 Chestnut St",RM300,10.40.108.18,00:21:b7:8f:ef:a9,
Draper-RM102B-LX,A08961,451443HH16V5V,Lexmark,M3150,"Draper, 121 Chestnut St",RM102B,10.40.113.241,00:21:b7:81:2e:bd,Blue screened
Draper-RM222B,A08924,451444HH1B5YK,Lexmark,M3150,"Draper, 121 Chestnut St",RM222B,,00:21:b7:21:53:5d,"2024-10-10 _ | Installed into WoodCraft, Jason's office | A08924 | Reclaimed from Jason's office GN 112624 | Installed in Draper RM222B GN021825"
FiLxOt2,A10051,451443HH16VBX,Lexmark,M3150,"Draper, 121 Chestnut St",Floor 2 Room 218,10.40.108.243,00:21:b7:c1:f8:9a,
UNKNOWN-LABEL,A10028,,Unknown,Unknown,Draper,Floor 1 Room 106,10.40.108.253,00:21:b7:5c:a7:d8,091024 GN Not on Network Asset Tag not on toshiba list
EV0101,KY4577,CZDJ49245,Toshiba,e-Studio 3518A,Ecovillage,People Services,10.30.60.254,00:80:91:ce:99:01,
PubLxOt3,KY4625,460085110KZK4,Unknown,Unknown,Ecovillage,Ecovillage Commons,10.30.60.235,78:8c:77:90:d8:1d,091224 GN Not on Network
CfsDeM1,A08915,451443HH16VMW,Lexmark,M3150,Emery,Floor 3 Room 309,10.40.110.252,00:21:b7:c1:78:5c,
EM0101,KY4584,CZDJ49158,Toshiba,e-Studio 3518A,Emery,Emery 3rd,10.40.110.254,00:80:91:ce:99:5f,
FM0101,KY4660,CNCJ38096,Toshiba,e-Studio 3515AC,Facilities,Facilities Mgt,10.40.111.250,00:80:91:ce:54:e3,
FM0201,KY1725,SNAL85828,Toshiba,e-Studio 3515AC,Facilities,Facilities Mgt,10.40.111.198,00:80:91:d2:33:99,
FmLxOs2,A08918,451444HH1B5WC,Lexmark,M3150,Facilities,Store Room,10.40.111.254,00:21:b7:21:e3:ea,
FmLxT1,A08916,451444HH1B5X2,Lexmark,M3150,Facilities,Small Projects,10.40.111.252,00:21:b7:21:e4:bc,
FA0102,KY4585,CZBJ44747,Toshiba,e-Studio 3518A,Fairchild,Work Colleges,10.40.112.241,00:80:91:ce:2d:45,
LatLx1,KY4625,,Unknown,Unknown,Fairchild,Room 10,10.40.112.248,00:21:b7:cf:42:2f,091224 GN Not on Network
LslLxT2,A8931,451444HH1B5YG,Lexmark,M3150,Fairchild,Labor & Student Life rm4/5,10.40.112.244,00:21:b7:21:e3:fe,
WccLxC1,KY4627,5028840F394C,Lexmark,C4150,Fairchild,Work Colleges,10.40.112.245,00:21:b7:8b:05:b7,
UNKNOWN-LABEL,A05434,,Unknown,TS654DN,Fairchild,Unknown,,00:00:00:00:00:00,2024-10-03 _ Kelly Fox | Do not know location of device | Was in Hafer Gibson | Was a MICR Printer | off the contract GN 012824
FA0001,KY4627,CZBJ44730,Toshiba,e-Studio 3518A,Fairchild,Fairchild Hall Bsmt,10.40.112.252,00:00:00:00:00:00,"11/05/24 - Replaced the hard drive, Randy from Toshiba replaced it and pulled the image down"
FA0101,KY4590,CZBJ44755,Toshiba,e-Studio 3518A,Fairchild,Counseling Service,10.40.112.254,00:80:91:ce:3d:5f,
BC Horse Farm,KY4643,7018916304XLB,Lexmark,XM3250,Farm House,Farm House Break Room,,00:21:b7:3f:83:19,07/30/2025 ZS: Moved to farm house since their printer died | - Phil Vogel is point of contact for service at this time | .....Phil's sell is: 859.684.9385 | - Device is not on BC Campus network | - Farmhouse runs its own pay for service network over Spectrum | - EJ emailed Toshiba RE location update and remove from FMAudit and go to manual meter reads
Forestry,A3439,,Unknown,Unknown,Forestry,Forestry,192.168.1.253,00:00:00:00:00:00,091224 GN Not on Network
FR0101,KY4586,CZBJ44749,Toshiba,e-Studio 3518A,Frost,Frost RM105,10.40.113.248,00:80:91:ce:3d:4c,090425 - Toshiba PaperCut Supplort - fixed user name and password missmatch; resolved via top access and papercut
Frost-RM204-MFP,KY4587,CZBJ44733,Toshiba,e-Studio 3518A,Frost,"RM204, Sociology Work Room",,00:80:91:ce:3d:88,2024-08-20 _ | GN Installed | EJ Updated BC-Print-01 | RP reserved Static IP as DHCP Issued and we put device on Dynamic Mode for IPV4 | 2024-08-20 _ GN put new Queue label copier
FbLxOs1,A08929,451444HH1B5XW,Lexmark,M3150,Frost,Floor 1 Room 104,10.40.113.251,00:21:b7:21:e4:b2,
PscLxOt1,"Johnna reports Toshiba Asset# is A05796 NOT
KY4623",460085110KXMB,Lexmark,M3250,Frost,Floor 1 Room 107,10.40.123.254,00:21:b7:7c:f3:98,GN 2024-03-10 Toshiba Reports not on contract | - needs a PC Kit
SocLxOs1,UNKNOWN-ASSET,451444HH1B5Z2,Lexmark,M3150,Frost,Floor 2 Room 217,10.40.113.252,00:21:b7:21:53:ab,
SocLxOt2,A08928,,Unknown,Unknown,Frost,Floor 2 Room 213,10.40.113.254,00:21:b7:64:f1:35,091224 GN Not on Network
AG0201,KY4570,CZDJ49156,Toshiba,e-Studio 3518A,Goldthwaite Agriculture,Agriculture,10.40.100.254,00:80:91:ce:98:d5,
AgLxT1,KY4632,46008910K4F1,Lexmark,M3250,Goldthwaite Agriculture,Unknown,10.40.100.252,00:21:b7:4f:a3:a6,
HA0101,KY4764,CZEJ55993,Toshiba,e-STUDIO3518A,Haaga,Admissions,10.40.114.251,00:80:91:78:24:77,082725 - incorrectly assigned A3417 corrected to KY4764 | '082425 - EJ puts in service call for Debora
Haaga-RM101-HP,JPBCT2W1DF,JPBCT2W1DF,HP,HP M611 Enterprise,Haaga House,Room 101,,24:fb:e3:0e:e7:b3,
Haaga-RM208-HP,PHBCT2S1FS,PHBCT2S1FS,HP,HP M611 Enterprise,Haaga House,Student Workspace RM 208,,24:fb:e3:0d:76:04,"This was originally ordered to replace a water damaged MICR HP 611DN in Student Labor. When scheduling install Kelly Fox said the damaged HP 611 was working fine, and they didn't want the replacement. We could not return the item so kept it in inventory and deployed to Admission. See Below. | 03-2025 - ordered to replace EOL Lexmark that broke down. This was an emergency replacement for Admission as this is a mission critical printer for Recruitment Ops"
Hafer-RM107-LX,A8909,,Unknown,Unknown,Hafer Gibson,RM 107,10.40.101.253,00:21:b7:c1:78:7b,091224 GN Not on Network
Hafer-Gibson-RM101B-LX,KY4637,460084910K4GL,Lexmark,M3250,Hafer-Gibson,RM101B,,00:21:b7:4f:53:f4,10/24/2024 | Installed to Hafer-Gibson | 7/29/2025 ZS: Found in pile of printers
HG0101,KY4659,CNCJ38162,Unknown,e-Studio 3518A,Hafer-Gibson,Lobby,10.40.123.246,00:80:91:ce:6e:be,
ConLxOt1,UNKNOWN-ASSET,,Unknown,Unknown,Haffer-Gibson,Conference Services,10.40.123.248,00:00:00:00:00:00,091224 GN Not on Network
Hafer-HR-MFP,KY4583,CZDJ49528,Toshiba,e-Studio 3518A,Haffer-Gibson,HR Common Area (Break Area),,00:80:91:78:48:96,2024-08-03 _ Hafer-Gibson | pulled IPV4 10.40.123.14 | CZDJ49258 | MAC Address	00:80:91:ce:98:d3 | 2024-08-05 _ sent Ray P IP reservation request | 2024-08-05 _ removed ED0102 from BC-Print-01 | 2024-08-05 _ added to paperCut
HrLxT1,A13004,4600824007CNV,Lexmark,M3150,Haffer-Gibson,Human Resources,10.40.123.254,00:21:b7:57:e9:09,
HrLxT2,A08971,451444HH1B619,Lexmark,M3150,Haffer-Gibson,Human Resources,10.40.123.253,00:21:b7:21:53:98,
PsPayT1,A04677,793MPFM,Lexmark,T652,Haffer-Gibson,Human Resources,10.40.123.252,00:21:b7:f0:f9:7b,
Cash Station  (LIB),UNKNOWN-ASSET,,Unknown,Unknown,Hutchins Library,Circulation Desk,10.40.117.239,00:00:00:00:00:00,091224 GN Not on Network
HL0001,KY4608,CZCJ44778,Toshiba,e-Studio 3518A,Hutchins Library,Library Public - Basement,10.40.117.249,00:80:91:ce:3d:11,2024-08-28 _ | Report device is not printing | EJ reboot remote | Print Queue was clear | Asked Ray to reserve IP to prep for switch
HL0002,KY4610,CZDJ49141,Toshiba,e-Studio 3518A,Hutchins Library,Library Special Collections,10.40.117.21,00:00:00:00:00:00,2024-09-17 _
HL0003,KY4609,CZDJ49248,Toshiba,e-Studio 3518A,Hutchins Library,Library Tech Svcs,10.40.117.254,00:00:00:00:00:00,092424 GN Not on Network
HL0004,KY4672,CNCJ38177,Toshiba,eStudio 3515ac,Hutchins Library,Writing Center,10.40.117.85,00:00:00:00:00:00,
HL0101,KY4657,CNCJ38068,Toshiba,e-Studio 3515AC,Hutchins Library,Library Main Floor,10.40.117.252,00:80:91:ce:54:4d,
HL0102,KY4611,CZDJ49293,Toshiba,e-Studio 3518A,Hutchins Library,Library Main Lobby,10.40.117.251,00:80:91:ce:b7:e5,"2024-11-01 Anthony asks to clear queue. No bad jobs on the copier itself, print server queue seems normal. Did remote reboot. | 2024-09-24 _ Haze Clark requests queue cleared out"
HL0103,KY4621,CZDJ49247,Toshiba,e-Studio 3518A,Hutchins Library,Library Lobby,10.40.117.250,00:80:91:ce:98:75,
ST0102,KY4602,CZDJ49227,Toshiba,e-Studio 3518A,Hutchins Library,SST Suite RM256 in main SST Hallway,10.40.105.244,00:80:91:ce:98:5f,051525 - service request
AcaDeM1,A07312,451431HH09HWC,Lexmark,M1145,Hutchins Library Annex,248,,00:21:b7:d6:5d:3b,EJ Updated Print Queue with new port | 10.40.117.102
CMIT_FL1,KY4579,CZDJ49529,Toshiba,e-Studio 3518A,IS & S,IS&S,,00:80:91:ce:98:7d,[TTD] Needs new device label
IssDeM3,A08956,,Unknown,Unknown,IS & S,Back Offices Hallway,10.40.48.252/ USB printer,00:00:00:00:00:00,091224 GN Not on Network
IssLx6,UNKNOWN-ASSET,460084910K4GT,Unknown,Unknown,IS & S,IS&S,10.40.107.248,00:21:b7:4f:53:f8,091224 GN Not on Network
JD0101,KY4596,CZBJ44760,Toshiba,e-Studio 3518A,Jekyll,Jekyll,10.40.118.254,00:80:91:ce:3d:a3,
TheLxOs1,KY3607,,Unknown,Unknown,Jekyll,Jekyll,10.40.118.252,00:00:00:00:00:00,091224 Gn Not on Network
KN0202,KY4650,CNCJ38199,Toshiba,e-Studio 3515AC,Knapp Hall,Unknown,10.40.119.28,00:80:91:ce:7b:8c,
LibAcqLxOt6,A08966,451444HH1B60W,Lexmark,M3150,Library,Ground Floor Room 105,10.40.117.244,00:21:b7:21:e3:0b,
LibCirLxOt5,A08927,451444HH1B5YM,Lexmark,M3150,Library,Circulation Desl,10.40.117.245,00:21:b7:21:53:fd,
LibScaLxOt9,A08926,,Unknown,Unknown,Library,Special Collection,10.40.117.246,00:21:b7:21:e3:4e,091224 GN Not on Network
FinLXos5P,PHBCSB10WD,PHBCSB10WD,Troy HP M611 E,M611,Lincoln,Basement Room 010,10.40.120.239,24:6a:0e:b6:fa:0c,"Cheryl Hinkle MICR | 052025 - EJ asked Cheryl when she will start using the new MICR printer. She asked me to leave the old one there, and to date, she has not switched over to the Troy. | Set up via Check printing system, using the existing Lexmark MICR printer IP and print driver from Lexmark on the server side."
AcaLxC2,KY4619,50288440F3944,Unknown,Unknown,Lincoln Hall,Unknown,10.40.120.223,00:21:b7:81:2e:3a,091224 GN Not on Network
AcaLxE1,A3541,,Unknown,Unknown,Lincoln Hall,Floor 1 Room 113,10.40.120.250,00:21:b7:21:e3:37,091224 GN Not on Network
ArcLx1,A08934,451443HH16VMG,Lexmark,M3150,Lincoln Hall,Title 9 Basement Office RM0006B,10.40.120.222,00:21:b7:c1:04:7f,
BusLxC1,A10442,9446VR8,Lexmark,C736,Lincoln Hall,RM232,10.40.120.251,00:21:b7:01:45:b7,Replacement Device is : C2335 for C736 | 2024-08-16 _ | Judge Wilson Printing | • un-installed printer | • Install as Line Printer (LPR) | • Use Generic PCL Driver
FinDeM1,A08631,06336990CF0Z,Lexmark,M5155,Lincoln Hall,Floor 2 Room 220,10.40.120.241,00:21:b7:ae:b3:6c,
FinLxE1,KY4638,460084910K4GN,Lexmark,M3250,Lincoln Hall,Floor 2 Room 223,10.40.120.248,00:21:b7:4f:53:bc,"2024-11-3 | Steve A | Somehow device was on DHCP so pulled an IP that broke printing. Steve set it back to STATIC with the IP listed here, and I asked Ray P to re-reserve the IP with MAC | Called Ray - he said 3rd octet is the zone, and we don't have one set up yet for printing, will come mid 2025. He said first two octets are Admin, or Residence, etc, 3rd is for type (all security cameras, FM controls, etc) this way they can 'read' the  IP and see if it is a copier, camera, etc., that is the issue. We can switch devices to DHCP as we work on them, etc., but in the mean-time not actively changing devices over is the plan."
FinLxT1,A08559,4063369908LH5,Lexmark,M5155,Lincoln Hall,Basement Room 020,10.40.120.242,00:21:b7:f6:6a:5d,
FinLxT2,A10289,451445HH1VHPX,Lexmark,M3150,Lincoln Hall,Auditors Office,10.40.120.221,00:21:b7:f1:d7:9c,
GstLxOt1,KY4636,46008910K4GD,Lexmark,M3250,Lincoln Hall,Floor 3 Room 320,10.40.120.246,00:21:b7:4f:a3:29,
LfaLxOt1,KY4633,460084910K4GK,Unknown,Unknown,Lincoln Hall,Floor 1 Room 120,10.40.120.252,00:21:b7:18:6e:de,091324 GN Not on Network
LfaLxT1,A08937,451443HH16VC2,Lexmark,M3150,Lincoln Hall,Basement Room 020,10.40.120.240,00:21:b7:c1:f8:66,061625 _ Toshiba replaces imaging unit
LI0001,KY4604,CZBJ44757,Toshiba,e-Studio 3518A,Lincoln Hall,Lincoln Basement 010,10.40.120.254,00:80:91:ce:3d:a7,
LI0101,KY4603,CZDJ49150,Toshiba,e-Studio 3518A,Lincoln Hall,Financial Aid,10.40.120.229,00:80:91:ce:98:99,dr
LI0102,KY4607,CZCJ44795,Toshiba,e-Studio 3518A,Lincoln Hall,Academic Services,10.40.120.238,00:80:91:ce:3d:81,
LI0201,KY4600,CZDJ49260,Toshiba,e-Studio 3518A,Lincoln Hall,Room 220,10.40.120.236,00:80:91:ce:98:8b,"Hannah Shepherd / Allane Poff | 061125 - EJJ - Hi Cap tray broken, bad gear sound when elevating. TR1 LT works. put in service call. Told Hannah and Allane about situation. | 06/11/25 - TopAccess - Administration - Copier - Copy Job Enforcement Continue - EJ turned 'Automatic Change Of Paper Source' to ON | as Allane Poff said device has paper but jobs will not print."
LI0202,KY4673,CNCJ46173,Toshiba,e-Studio 3515AC,Lincoln Hall,Lincoln 2nd (Presidents),10.40.120.249,00:80:91:cf:01:49,"y, already was able to, is in presidents office"
LI0301,KY4671,CNCJ40224,Toshiba,e-Studio 3515AC,Lincoln Hall,Lincoln 3rd,10.40.120.233,00:80:91:ce:72:d5,
LI0302,KY4601,CZCJ48115,Toshiba,e-Studio 3518A,Lincoln Hall,Room 320,10.40.120.231,00:80:91:ce:9f:3b,10/22/2024 - EJ Cleared Queue & Reboot
Lincoln-RM310,KY4620,50288440F394G,Lexmark,C4150,Lincoln Hall,RM310 STE,net://10.40.120.88,00:21:b7:4f:94:c2,
PreLxT4,A10204,406347990KNF7,Lexmark,M5155,Lincoln Hall,Floor 2 President's Office,10.40.120.225,00:21:b7:be:77:3c,
ProLxOt1,KY4622,460085110KZL1,Lexmark,M3250,Lincoln Hall,Floor 3 Room 330,10.40.120.247,00:21:b7:cf:52:08,
PsPayT3,A05865,794T721,Lexmark,TS654dn,Lincoln Hall,Basement Room 010,10.40.120.239,00:21:b7:9c:9c:6f,"MICR | Cheryl Hinkle | 2024-09-24 _ Service call; machine is dirty with toner and poor print quality, Cheryl is having to re-print the checks due to poor quality"
RegDeM1,A08938,451443HH16VFY,Lexmark,M3150,Lincoln Hall,Floor 1 Student Services Center,10.40.120.224,00:21:b7:c1:f8:11,
RegLxOs3,KY4628,460084910K4G3,Lexmark,M3250,Lincoln Hall,Floor 1 Student Services Center,10.40.120.226,00:21:b7:4f:a3:69,
SasLxT1,KY4629,460085110KZMZ,Lexmark,M3250,Lincoln Hall,Floor 1 Student Services Center,10.40.120.227,00:21:b7:cf:83:31,
BioLxOt2,A08945,451444HH1B5ZF,Lexmark,M3150,MAC,RM121,10.40.141.195,00:21:b7:21:e3:0d,
CreLXCO1,KY4626,5028844DF393Z,Lexmark,C4150,MAC,Development,10.40.140.30,00:21:b7:8f:6f:9f,
MatLx1,A10105,451443HH16VHN,Lexmark,M3150,MAC,RM230,10.40.141.192,00:21:b7:c1:b8:11,
MC0101,KY4599,CZDJ49251,Toshiba,e-Studio 3518A,MAC,1st Floor,10.40.141.181,00:80:91:ce:98:bb,
MC0201,KY4606,CZCJ44776,Toshbia,e-Studio 3518A,MAC,2nd Floor,10.40.141.183,00:80:91:ce:3d:7a,11/5/2024- cleared queue
MC0401,KY4605,CZCJ44799,Toshiba,e-Studio 3518A,MAC,4th Floor,10.40.141.189,00:80:91:ce:3d:0e,2024-11-20 - Randy Toshiba replaced hard drive
McsLxT3,A08921,451444HH1B5WN,Lexmark,M3150,MAC,RM221,10.40.141.191,00:21:b7:21:e4:d2,
SbLxT1,A08947,451444HH1B5ZY,Lexmark,M3150,MAC,RM216 (Justin's room),10.40.141.194,00:21:b7:21:e3:15,
MC0202,KY4663,CNCJ40231,Toshiba,e-Studio 3515AC,MACX,2nd Floor,10.40.141.185,00:80:91:ce:72:7f,
MC0301,KY4665,CNCJ38065,Toshiba,e-Studio 3515AC,MACX,3rd Floor,10.40.141.187,00:80:91:ce:6e:2c,
MS0101,KY4662,CNCJ38198,Toshiba,e-Studio 3515AC,Middletown,Middletown,10.40.122.252,00:00:00:00:00:00,091324 GN Not on Network
MS0102,KY4666,CNCJ30061,Toshiba,e-Studio 3515AC,Middletown,Middletown,10.40.122.253,00:00:00:00:00:00,091324 GN Not on Network
MS0103,KY4664,CNCJ40107,Toshiba,e-Studio 3515AC,Middletown,Middletown,10.40.122.225,00:00:00:00:00:00,091324 GN Not on Network
PfeLx1,UNKNOWN-ASSET,,Unknown,Unknown,Middletown School,1st Floor,10.40.122.247,00:21:b7:21:e3:f5,091324 GN Not on Network
PfeLx2,KY4621,460085110KZMY,Unknown,Unknown,Middletown School,Basement,10.40.122.248,00:21:b7:d4:bf:a9,091324 GN Not on Network
PfeLx3,UNKNOWN-ASSET,,Unknown,Unknown,Middletown School,Unknown,10.40.122.249,00:21:b7:21:e3:95,091324 GN Not on Network
SpLxT1,KY4624,460085110KZT7,Unknown,Unknown,Middletown School,Unknown,10.40.122.254,00:21:b7:5c:27:1f,091324 GN Not on Network
MU0101,KY4616,CZDJ49283,Toshiba,e-Studio 3518A,Mueller Student Crafts,Student Crafts,10.40.133.254,00:80:91:ce:98:91,031125 - database corrupted
UNKNOWN-LABEL,KY4742,,Toshiba,Unknown,"Partners for Rural Impact
Pikeville Office
95 Douglas PKWY
Pikeville KY 41501",Unknown,,00:00:00:00:00:00,"2024-09-24 _ Move Request | Johnene Ison | Project Director, Gear Up East KY | Johnene.Ison@partnersrural.org | 606-471-9382 | Office hours: M-F  7:30-4:00"
Phelps-200-LX-C,A12990,,Unknown,Unknown,Phelps Stokes,FL2 Common A,10.40.109.234,00:21:b7:27:4c:af,091324 GN Not on Network
Phelps-200-LX-M,KY4640,460084910K4GP,Unknown,Unknown,Phelps Stokes,FL2 Common B,10.40.109.248,00:21:b7:4f:53:02,091324 GN Not on Network
Uknown,KY4641,"S7018916304XBD

[confirmed by Toshiba 021825]",Lexmark,M3250,Phelps-Stokes,Unknown,,00:00:00:00:00:00,"021825 - Per Toshiba: | - KY4641 shows LEXMARK XM3250, SN# S7018916304XBD, ship to 221 N MAIN STREET/STEPHENS HALL 1ST FLOOR/BEREA, KY  40404-0001, location WOODS PENN INTERNATIONAL CENTER. | [TTD] - find this device"
MusDem2,A8923,451444HH1B5YX,Lexmark,M3150,Presser Hall,Room 306,10.40.128.250,00:21:b7:21:53:4b,2024-08-21 _ need to confirm the toshiba number on this device
PR0101,KY4597,CZBJ44748,Toshbia,e-Studio 3518A,Presser Hall,Presser Hall 2nd floor hallway,10.40.128.253,00:80:91:ce:3d:4d,
PR0102,KY4670,CNCJ38197,Toshiba,e-Studio 3515AC,Presser Hall,RM306,10.40.128.254,00:80:91:ce:55:7a,
PrXePh1,A07194,,Unknown,Unknown,Public Relations,Floor 1 Hallway,10.40.104.252,00:21:b7:96:99:84,091324 GN Not on Network
VC0101,KY4668,CNCJ38092,Toshiba,e-Studio 3515AC,Public Relations,Public Relations,10.40.104.254,00:80:91:ce:55:75,y
RH0101,KY4595,CZDJ49257,Toshiba,e-Studio 3518A,Ray House,Grow App.,10.40.62.253,00:00:00:00:00:00,converted to papercut 040825 GN
AR0101,KY4572,CZDJ49243,Toshiba,e-Studio 3518A,Rogers Taylor Art,Art   Traylor,10.40.121.250,00:80:91:ce:99:09,
AR0102,KY4655,CNCJ38064,Toshiba,e-Studio 3515AC,Rogers Taylor Art,Art Office,10.40.125.254,00:00:00:00:00:00,091324 GN Not on Network
SE0202,KY4591,CZBJ44731,Toshiba,e-Studio 3518A,Seabury,FL2 RM Coaches Suite Commons,,00:80:91:ce:3d:24,"072325 - ET deployed to Seabury from Storage | Device History | Pevious deployment: ED0101, Stephenson_storage | OLD IP: 10.40.109.243 | deleted ED0101 print queue on bc-print-01"
PebLxOt1,A08942,451444HH1B607,Lexmark,M3150,Seabury Center,Floor 2 Office,10.40.131.250,00:21:b7:c1:77:92,
PehLxOt1,A08940,,Unknown,Unknown,Seabury Center,Floor 2 Breakroom,10.40.131.253,00:21:b7:c1:77:aa,091324 GN Not on Network
PenLxOt1,A08941,451444HH1B5ZG,Lexmark,M3150,Seabury Center,Equipment Checkout,10.40.131.252,00:21:b7:21:64:51,
UNKNOWN-LABEL,A05360,72HLZZC,Lexmark,E460dn,Seabury Center,Floor 3,10.40.131.254,00:21:b7:ec:7e:79,This should have been retired | We may have the FL assignmeng wrong
SE0101,KY4674,CNCJ34876,Toshiba,e-studio 3515AC,Seabury Center,Coaches STE FL1,10.40.131.80,00:80:91:ce:3e:70,
SE0201,KY4953,CZCJ44802,Toshiba,e-Studio 3518A,Seabury Center,RM213,10.40.131.251,00:80:91:ce:3d:97,
SeLxT1,A03057 / KY3057,45146PHH324L5,Lexmark,M1145,Seabury Center,Trustree Room,10.40.131.248,00:21:b7:cd:11:07,
ScLxOt1,A08935,,Lexmark,M3150,Seabury Gym,2nd Floor Coaches Suite,,00:00:00:00:00:00,"10/24/24 | Moved to Storage | Was installed into Hafer RM101B but did not work 01/09/25 installed in Seabury, it works | 013025 - Confirmed IP Address from Device. Koty says not printing. EJ reviewed que and IP address was wrong. Confirmed IP at device and set as new port and all users are now printing"
IssLxOt5,A05371,72HMMKW,Lexmark,ES460dn,Stephenson,Stephenson Storage,,00:00:00:00:00:00,022425 GN moved into storage
Stephens-RM133-LX,A08930,451444HH1B5WL,Lexmark,M3150,Stephenson,RM133,,00:00:00:00:00:00,Armondo is Key Op | 070725 - moved to Stephenson SST -- new Labor Office | set to DHCP | 070825 requested Networking to add to Stephenson Switch and update SubNet
PsPayT2 _ Xerox / HP,PHBCS8M0PG,PHBCS8M0PG,HP,HP LaserJet M611,Stephenson,Labor Program,10.40.123.251,28:c5:c8:6b:51:b4,MICR Kelly Fox | Using the lexmark universal Print Driver
Stephenson-Retail,A10049,451443HH16VHP,Lexmark,M3150,Stephenson,RM103,,00:21:b7:c1:04:07,07-31-25 - Added to Stephenson-Retail Location | 03-2025 - Removed. Replaced with HP | Installed in Haga 012925 GN | 7/29/25 ZS: found in stephenson Storage
UNKNOWN-LABEL,UNKNOWN-ASSET,,Xerox,AltaLink B8170,Stephenson,Print Production,,00:00:00:00:00:00,
ApcDeM1,A08960,451443HH16V7Z,Lexmark,M3150,Stephenson Hall,App. Center Reception,10.40.105.232,00:21:b7:81:ae:a0,
BfiLx1,A08954,451443HH16V7H,Lexmark,M3150,Stephenson Hall,Floor 2 Brushy Fork,10.40.105.223,00:21:b7:41:e5:9d,
CelLxT1,A08959,451443HH16V5R,Lexmark,M3150,Stephenson Hall,Floor 2 Room 202 (CELTS?),10.40.105.247,00:21:b7:81:2e:c3,
EpgLxT2,A08958,451443HH16V7V,Lexmark,M3150,Stephenson Hall,Eds Office,10.40.105.233,00:21:b7:81:ae:d0,092024 GN Not on Network | 7/24/2025 ZS Moved from Stephenson Hall to Eds Office
Horse Barn,A11103,,Lexmark,XM3150,Stephenson Hall,Ready to Recycle,,00:21:b7:71:12:e8,07/31/25 - Removed from Horse Farm | - damaged by electrical overload that also took out router and other electronics
ST0201,KY4592,SCZBJ44737,Toshiba,e-Studio 3518A,Stephenson Hall,CELTS,10.40.105.252,00:80:91:ce:2d:b5,
ST0202,KY4667,SCNCJ40104,Toshiba,e-Studio 3515AC,Stephenson Hall,2nd Floor Lobby,10.40.105.245,00:80:91:ce:c4:1f,Stephenson-Connector
ST0301,KY4598,CZBJ44751,Toshiba,e-Studio 3518A,Stephenson Hall,3rd Floor Hall,10.40.105.248,00:80:91:ce:2d:30,
ST0302,KY4614,CZDJ49269,Toshiba,e-Studio 3518A,Stephenson Hall,Career Development,10.40.105.235,00:80:91:ce:98:80,
Stephenson-Retail,A08933,7018916304XLB,Lexmark,XM3250,Stephenson Hall,RM103,10.40.105.120,00:00:00:00:00:00,Susan BuckMaster = Primary Contact | RawsonJ (Jaedyn) 2nd contact after Susan | GN 2024-03-10 Toshiba Reports not on contract | - needs a Toner
Stephenson-RM128,KY4594,CZCJ44783,Toshiba,e-Studio 3518A,Stephenson Hall,Unknown,,00:80:91:ce:3d:13,"072425 - deployoed to Student Labor, Stephenson Hall | OLD queue KN0201 | Old building Knapp Hall"
Stephens-RM103,A08946,,Unknown,Unknown,Stephenson Hall,RM103,10.40.141.196,00:21:b7:21:a4:fb,"092024 GN Not on Network, Not in Stephenson 103,"
UNKNOWN-LABEL,A8908,451443HH16VML,Lexmark,M3150,Stephenson Hall,Stephenson Storage,,00:21:b7:c1:84:e8,"Moved to storage 012925 GN, broken bypass tray"
ED0201,KY4589,CZBJ44736,Toshiba,e-Studio 3518A,Stephenson Print & Mail,Retail Lobby,10.40.109.244,00:00:00:00:00:00,
BtLx2,A05961,,Unknown,Unknown,Stephenson Storage,Unknown,10.40.103.252,00:21:b7:92:b9:d0,092024 GN Not on Network | 7/29/2025 ZS: marked to be recycled
CrAfLxT1,A08962,,Unknown,Unknown,Stephenson Storage,Unknown,10.40.109.249,00:21:b7:ae:cf:2b,092024 GN Not on Network
CrDeM1,A12997,,Unknown,Unknown,Stephenson Storage,Unknown,10.40.109.252,00:21:b7:63:5b:cf,092424 Gn Not on Network
CrDeM2,A08912,,Unknown,Unknown,Stephenson Storage,Unknown,10.40.109.254,00:21:b7:c1:84:98,092024 GN Not on Network
CrFdnLxOt3,A10050,,Unknown,Unknown,Stephenson Storage,Unknown,10.40.109.251,00:21:b7:41:c7:bc,092024 GN Not on Network
CrLxT1,A06958,,Unknown,Unknown,Stephenson Storage,Unknown,10.40.109.245,00:21:b7:06:df:d3,092024 GN Not on Network
CrLxT2,A08963,,Unknown,Unknown,Stephenson Storage,Unknown,10.40.101.248,00:21:b7:ae:2f:80,092024 GN Not on Network | 7/29/2025 ZS: marked to be recycled
CrLxT5,A08964,,Unknown,Unknown,Stephenson Storage,Unknown,10.40.109.250,00:21:b7:ae:cf:df,092024 GN Not on Network
ED0301,A10965,C7DE29507,Unknown,Unknown,Stephenson Storage,Unknown,10.40.109.232,00:80:91:ae:55:e0,092424 GN Not on Network
LpLx1,A05962,,Unknown,Unknown,Stephenson Storage,Labor Program,10.40.123.249,00:21:b7:92:a8:17,092024 GN Not on Network
TE0101,KY4613,CZDJ49253,Unknown,e-Studio 3518A,Stephenson Storage,Stephenson Storage,10.40.132.254,00:00:00:00:00:00,Removed from DT GN 020325
WstLxT2,A3633,,Unknown,Unknown,Stephenson Storage,Women Studies,10.40.108.233,00:00:00:00:00:00,092424 GN Not on Network
UNKNOWN-LABEL,A12893,,Unknown,M1145,Stephenson Storage,Unknown,,00:00:00:00:00:00,092424 GN No IP
UNKNOWN-LABEL,A13462,98129RH,Unknown,C540n,Stephenson Storage,Unknown,,00:00:00:00:00:00,092424 GN No IP
UNKNOWN-LABEL,UNKNOWN-ASSET,,Unknown,Unknown,Stephenson Storage,Unknown,,00:00:00:00:00:00,092424 GN No IP
Stephenson_RM133_LX,A08967,451444HH1B5WL,Lexmark,M3150,Stephenson Hall,"RM133
Armondo's Office",,00:21:b7:21:53:c0,08-2025 - EJ ZS installed into Student Labor
StcLx1,A10156,,Unknown,Unknown,Student Crafts Center,WareHouse,10.40.133.207,00:00:00:00:00:00,"092424 GN Not on Network, This printer is not in Student Craft Warehouse, Location Unknown."
BK0101,KY4578,CZDJ49249,Toshiba,e-Studio 3518A,Visitor Center & Shoppe,Visitor Center &Shoppe,10.40.81.11,00:00:00:00:00:00,092424 GN Not on Network
BksLxOs1,A14279,,Unknown,Unknown,Visitor Center [Bookstore],Bookstore,10.40.81.254,00:21:b7:3d:32:4f,092424 GN Not on Network
IntLxOt2,A08939,451443HH16VH1,Lexmark,M3150,Woods Penn,RM205,10.40.134.241,00:21:b7:c1:f8:19,
IntLxX1,A08969,451444HH1B615,Lexmark,M3150,Woods Penn,RM404,10.40.134.250,00:21:b7:e3:c7:92,"041725 - SVC CAll image quality issue, faint image | 021825 - Student calls to order toner | Jenna Zimmerman is POC | EJ orders toner | 021925 - Per Toshiba | A08969 shows LEXMARK M3150, SN# 451444HH1B615 but that machine isn’t on contract. Ship to shows 221 MAIN STREET N/CPO PRINTING SERVICES/BEREA, KY  40403, location Phelps\Stokes upstairs | [TTD] Add to Contract - DONE 2/19/25 by EJ via email to | Katherine Hayden | TOSHIBA | Director of Client Services | NC-West & West Regions | Toll Free: 888-855-1924 | Direct: 502-489-6808 | Fax: 877-TBS-0100"
PscfLxT2,KY4535,460084910K4GR,Lexmark,M3250,Woods Penn,Public Safety,10.40.134.253,00:21:b7:4f:53:5c,
RlcLxT1,A08968,451444HH1B5X9,Lexmark,M3150,Woods Penn,Floor 3 Room 302,10.40.134.251,00:21:b7:21:e3:59,
WP0001,KY4669,CNCJ38071,Toshiba,e-Studio 3515AC,Woods Penn,Woods Penn (CPO),10.40.134.244,00:80:91:ce:6c:ab,090524 GN put on papercut
WP0002,KY4617,CZDJ49151,Unknown,e-Studio 3518A,Woods Penn,Woods Penn (CPO),10.40.134.246,00:80:91:ce:98:f7,
WP0201,KY4615,CZDJ49198,Toshiba,e-Studio 3518A,Stephenson,Printer Storage,10.40.134.254,00:80:91:ce:99:41,080525 - EJ puts FM work order in to move to Printing Services | '080125 - DS requests EJ remove from Woods-Penn
WP0301,KY4618,CZDJ49250,Toshiba,e-Studio 3518A,Woods-Penn,RM 404,10.40.134.248,00:80:91:ce:99:6f,"y, but we need to remove the card reader"
Cash Station  (WP),UNKNOWN-ASSET,,Unknown,Unknown,Woods-Penn FL2,By Safety,,00:00:00:00:00:00,"092424 GN Not on Network, and no asset tag listed"
AdmLxT3,A05261,,Lexmark,T652,Unknown,Unknown,10.40.114.253,00:21:b7:02:44:33,"03-2025 - removed; broken, end of life, !! to do recycle by Xerox | To Do !!Remove from FM"
Cash Station (Lib),UNKNOWN-ASSET,,Unknown,Unknown,Unknown,Unknown,10.40.117.240,00:00:00:00:00:00,"092424 GN Not on Network, and no asset tag listed"
Cash Station (WP),UNKNOWN-ASSET,,Unknown,Unknown,Unknown,Unknown,,00:00:00:00:00:00,"092424 GN Not on Network, and no asset tag listed"
CrLxT6,KY4631,46008910K4GV,Unknown,Unknown,Unknown,2nd Floor Tammy Elam,10.40.109.233,00:21:b7:4f:53:3c,092424 GN not on network
Server IP,UNKNOWN-ASSET,,Unknown,Unknown,Unknown,Unknown,192.68.112.132,00:00:00:00:00:00,090324 EJ Not on Network
UNKNOWN-LABEL,KY4634,460084910K4GT,Unknown,Unknown,Unknown,Unknown,10.40.108.253,00:00:00:00:00:00,"091224 GN Not on Network, Not in room 106, location unknown, | 07/29/2025 ZS: found and marked to be recycled"
UNKNOWN-LABEL,LogHouse,,Epson,ET2803 InkTank,Unknown,Unknown,,00:00:00:00:00:00,2024-10-04 | Jason Willing | Sbuckmaster | Jaedyn Rawson | LightSpeed Printer | Need to set up network for better printer
UNKNOWN-LABEL,UNKNOWN-ASSET,,Unknown,Unknown,Unknown,Unknown,,00:00:00:00:00:00,
UNKNOWN-LABEL,UNKNOWN-ASSET,,Unknown,Unknown,Unknown,Unknown,,00:00:00:00:00:00,
UNKNOWN-LABEL,"PHBCS8N182

Xerox AssetID: EQ601677",PHBCS8N182,"Troy [HP611]

HP
HPLJMICRM611DN",Unknown,Unknown,Unknown,,00:00:00:00:00:00,"090425 - Xerox asks for Meter Read. Zeke forwards to Kelly Kahl | 080325 Xerox emails us; asks for meter read; ej forwards to Kelly Kahl, Xerox, to resolve | 053125 EJ Xerox Meter Read request - sent to Kelly Kahl | 050825 EJ - Device returned to Xerox / COTG via RMA process | Xerox Meter Request | Not On Campus | MICR Troy Printer returned as bad out of the box"
UNKNOWN-LABEL,KY9599,701942740NWRG,Lexmark,XM1342,Stephenson Storage,Unknown,,78:8c:77:71:92:35,09-2025 - Purchased
UNKNOWN-LABEL,KY9600,S460142040W63F,Unknown,M1342,Stephenson building,Stephenson Storage,,00:00:00:00:00:00,
